A,B,C,D,E,E (a.c.),F,G,H,K,P,P (a.c.),Q,Q (a.c.),S,T,T (a.c.)
Μαξίμου,#LACUNA#,,,,,Μαξίμου,#LACUNA#,Μαξίμου,Μαξίμου,Μαξίμου,Μαξίμου,,,Μαξίμου,,
,#LACUNA#,,,,,ἁγίου,#LACUNA#,ἁγίου,,,,,,,,
Ἡ,#LACUNA#,,Ἡ,Ἡ,Ἡ,Ἡ,#LACUNA#,Ἡ,Ἡ,,,Ἡ,Ἡ,Ἡ,Ἡ,Ἡ
περὶ,#LACUNA#,περὶ,περὶ,περὶ,περὶ,περὶ,#LACUNA#,περὶ,περὶ,περὶ,περὶ,περὶ,περὶ,περὶ,περὶ,περὶ
τῆς,#LACUNA#,τῆς,τῆς,τῆς,τῆς,τῆς,#LACUNA#,,τῆς,τῆς,τῆς,,,τῆς,τῆς,τῆς
τοῦ,#LACUNA#,τοῦ,τοῦ,τοῦ,τοῦ,τοῦ,#LACUNA#,τοῦ,τοῦ,τοῦ,τοῦ,τοῦ,τοῦ,τοῦ,τοῦ,τοῦ
πνεύματος,#LACUNA#,πνεύματος,,πνεύματος,πνεύματος,πνεύματος,#LACUNA#,πνεύματος,πνεύματος,,,,,,πνεύματος,πνεύματος
τοῦ,#LACUNA#,τοῦ,,τοῦ,τοῦ,τοῦ,#LACUNA#,τοῦ,τοῦ,,,,,,τοῦ,τοῦ
ἁγίου,#LACUNA#,ἁγίου,ἁγίου,ἁγίου,ἁγίου,ἁγίου,#LACUNA#,ἁγίου,ἁγίου,ἁγίου,ἁγίου,ἁγίου,ἁγίου,ἁγίου,ἁγίου,ἁγίου
,#LACUNA#,,πνεύματος,,,,#LACUNA#,,,πνεύματος,πνεύματος,πνεύματος,πνεύματος,πνεύματος,,
βλασφημίας,#LACUNA#,βλασφημίας,βλασφημίας,βλασφημίας,βλασφημίας,βλασφημίας,#LACUNA#,βλασφημίας,βλασφημίας,βλασφημίας,βλασφημίας,βλασφημία,βλασφημία,βλασφημίας,βλασφημίας,βλασφημίας
ἀπορία,#LACUNA#,ἀπορία,ἀπορία,ἀπορία,ἀπορία,ἀπορία,#LACUNA#,ἀπορία,ἀπορία,ἀπορία,ἀπορία,,,ἀπορία,ἀπορία,ἀπορία
αὐτόθι,#LACUNA#,αὐτόθι,αὐτόθι,αὐτόθεν,αὐτόθεν,αὐτόθι,#LACUNA#,αὐτόθι,αὐτόθεν,αὐτόθι,αὐτόθι,αὐτόθεν,αὐτόθεν,αὐτόθι,αὐτόθι,αὐτόθι
ἔχει,#LACUNA#,ἔχει,ἔχει,ἔχει,ἔχει,ἔχει,#LACUNA#,ἔχει,ἔχει,ἔχειν,ἔχειν,ἔχει,ἔχει,ἔχει,ἔχει,ἔχει
τὴν,#LACUNA#,τὴν,τὴν,τὴν,τὴν,τὴν,#LACUNA#,τὴν,τὴν,τὴν,τὴν,τὴν,τὴν,τὴν,τὴν,τὴν
λύσιν·,#LACUNA#,λύσιν·,λύσιν·,λύσιν·,λύσιν·,λύσιν·,#LACUNA#,λύσιν·,λύσιν·,λύσιν·,λύσιν·,λύσιν·,λύσιν·,λύσιν·,λύσιν·,λύσιν·
ὁ,#LACUNA#,ὁ,ὁ,ὁ,ὁ,ὁ,#LACUNA#,ὁ,ὁ,ὁ,ὁ,ὁ,ὁ,ὁ,ὁ,ὁ
δὲ,#LACUNA#,δὲ,δὲ,δὲ,δὲ,δὲ,#LACUNA#,δὲ,δὲ,δὲ,δὲ,δὲ,δὲ,δὲ,δὲ,δὲ
δεύτερος,#LACUNA#,δεύτερος,δεύτερος,δεύτερος,δεύτερος,δεύτερος,#LACUNA#,δεύτερος,δεύτερος,δεύτερος,δεύτερος,δεύτερος,δεύτερος,δεύτερος,δεύτερος,δεύτερος
ἐστὶν,#LACUNA#,ἐστὶν,ἐστὶν,ἐστὶν,ἐστὶν,ἐστὶν,#LACUNA#,ἐστὶν,ἐστὶν,ἐστὶν,ἐστὶν,ἐστὶν,ἐστὶν,ἐστὶν,ἐστὶν,ἐστὶν
οὗτος·,#LACUNA#,οὗτος·,οὗτος·,οὗτος·,οὗτος·,οὗτος·,#LACUNA#,οὗτος·,οὗτος·,οὗτος·,οὗτος·,οὗτος·,οὗτος·,οὗτος·,οὗτος·,οὗτος·
ὅτάν,#LACUNA#,ὅτάν,ὅτάν,ὅτάν,ὅτάν,ὅτάν,#LACUNA#,ὅτάν,ὅτάν,ὅτάν,ὅτάν,ὅτάν,ὅτάν,ὅτάν,ὅτάν,ὅτάν
τις,#LACUNA#,τις,τις,τις,τις,,#LACUNA#,τις,τις,τις,τις,τις,τις,τις,τις,τις
ἐν,#LACUNA#,ἐν,ἐν,ἐν,ἐν,ἐν,#LACUNA#,ἐν,ἐν,ἐν,ἐν,ἐν,ἐν,ἐν,ἐν,ἐν
ἁμαρτίαις,#LACUNA#,ἁμαρτίαις,ἁμαρτίαις,ἁμαρτίαις,ἁμαρτίαις,ἁμαρτίαις,#LACUNA#,ἁμαρτίαις,ἁμαρτίαις,ἁμαρτίαις,ἁμαρτίαις,ἁμαρτίαις,ἁμαρτίαις,ἁμαρτίαις,ἁμαρτίαις,ἁμαρτίαις
"ἐνεχόμενος,",#LACUNA#,"ἐνεχόμενος,","ἐνεχόμενος,","ἐνεχόμενος,","ἐνεχόμενος,","ἐνεχόμενος,",#LACUNA#,"ἐνεχόμενος,","ἐνεχόμενος,","ἐνεχόμενος,","ἐνεχόμενος,","ἐνεχόμενος,","ἐνεχόμενος,","ἐνεχόμενος,","ἐνεχόμενος,","ἐνεχόμενος,"
ἀκούων,#LACUNA#,ἀκούων,ἀκούων,ἀκούων,ἀκούων,ἀκούων,#LACUNA#,ἀκούων,ἀκούων,ἀκούων,ἀκούων,ἀκούων,ἀκούων,ἀκούων,ἀκούων,ἀκούων
δὲ,#LACUNA#,δὲ,δὲ,δὲ,δὲ,δὲ,#LACUNA#,δὲ,δὲ,δὲ,δὲ,δὲ,δὲ,δὲ,δὲ,δὲ
τοῦ,#LACUNA#,τοῦ,τοῦ,τοῦ,τοῦ,τοῦ,#LACUNA#,τοῦ,τοῦ,τοῦ,τοῦ,τοῦ,τοῦ,τοῦ,τοῦ,τοῦ
κυρίου,#LACUNA#,κυρίου,κυρίου,κυρίου,κυρίου,κυρίου,#LACUNA#,κυρίου,κυρίου,κυρίου,κυρίου,κυρίου,κυρίου,κυρίου,κυρίου,κυρίου
λέγοντος,#LACUNA#,λέγοντος,λέγοντος,λέγοντος,λέγοντος,λέγοντος,#LACUNA#,λέγοντος,λέγοντος,λέγοντος,λέγοντος,λέγοντος,λέγοντος,λέγοντος,λέγοντος,λέγοντος
μὴ,#LACUNA#,μὴ,μὴ,μὴ,μὴ,μὴ,#LACUNA#,μὴ,μὴ,μὴ,μὴ,μὴ,μὴ,μὴ,μὴ,μὴ
,#LACUNA#,κρίνετε,,κρίνετε,κρίνετε,κρίνετε,#LACUNA#,κρίνετε,κρίνετε,κρίνετε,κρίνετε,κρίνετε,κρίνετε,κρίνετε,,
κρίνεται,#LACUNA#,,κρίνεται,,,,#LACUNA#,κρίνεται,,,,,,,κρίνεται,κρίνεται
φοβούμενος,#LACUNA#,φοβούμενος,φοβούμενος,φοβούμενος,φοβούμενος,φοβούμενος,#LACUNA#,φοβούμενος,φοβούμενος,φοβούμενος,φοβούμενος,φοβούμενος,φοβούμενος,φοβούμενος,φοβούμενος,φοβούμενος
οὐδένα,#LACUNA#,οὐδένα,οὐδένα,οὐδένα,οὐδένα,οὐδένα,#LACUNA#,οὐδένα,οὐδένα,οὐδένα,οὐδένα,οὐδένα,οὐδένα,οὐδένα,οὐδένα,οὐδένα
κρίνει,#LACUNA#,κρίνῃ,κρίνει,κρίνει,κρίνει,κρίνει,#LACUNA#,κρίνει,κρίνει,κρίνῃ,κρίνῃ,κρίνῃ,κρίνει,κρίνῃ,κρίνει,κρίνει
ἐν,#LACUNA#,ἐν,ἐν,ἐν,ἐν,ἐν,#LACUNA#,ἐν,ἐν,ἐν,ἐν,ἐν,ἐν,ἐν,ἐν,ἐν
τῇ,#LACUNA#,τῇ,τῇ,τῇ,τῇ,τῇ,#LACUNA#,τῇ,τῇ,τῇ,τῇ,τῇ,τῇ,τῇ,τῇ,τῇ
ἐξετάσει,#LACUNA#,ἐξετάσει,ἐξετάσει,ἐξετάσει,ἐξετάσει,ἐξετάσει,ἐξετάσει,ἐξετάσει,ἐξετάσει,ἐξετάσει,ἐξετάσει,ἐξετάσει,ἐξετάσει,ἐξετάσει,ἐξετάσει,ἐξετάσει
τῶν,#LACUNA#,τῶν,τῶν,τῶν,τῶν,τῶν,τῶν,τῶν,τῶν,τῶν,τῶν,τῶν,τῶν,τῶν,τῶν,τῶν
βεβιωμένων,#LACUNA#,βεβιωμένων,βεβιωμένων,βεβιωμένων,βεβιωμένων,βεβιωμένων,βεβιωμένων,βεβιωμένων,βεβιωμένων,βεβιωμένων,βεβιωμένων,βεβιωμένων,βεβιωμένων,βεβιωμένων,βεβιωμένων,βεβιωμένων
ὡς,#LACUNA#,ὡς,ὡς,ὡς,ὡς,ὡς,ὡς,ὡς,ὡς,ὡς,ὡς,ὡς,ὡς,ὡς,ὡς,ὡς
φύλαξ,#LACUNA#,φύλαξ,φύλαξ,φύλαξ,φύλαξ,φύλαξ,φύλαξ,φύλαξ,φύλαξ,φύλαξ,φύλαξ,φύλαξ,φύλαξ,φύλαξ,φύλαξ,φύλαξ
τῆς,#LACUNA#,τῆς,τῆς,τῆς,τῆς,τῆς,τῆς,τῆς,τῆς,τῆς,τῆς,τῆς,τῆς,τῆς,τῆς,τῆς
ἐντολῆς,#LACUNA#,ἐντολῆς,ἐντολῆς,ἐντολῆς,ἐντολῆς,ἐντολῆς,ἐντολῆς,ἐντολῆς,ἐντολῆς,ἐντολῆς,ἐντολῆς,ἐντολῆς,ἐντολῆς,ἐντολῆς,ἐντολῆς,ἐντολῆς
οὐ,#LACUNA#,οὐ,οὐ,οὐ,οὐ,οὐ,οὐ,οὐ,οὐ,οὐ,οὐ,οὐ,οὐ,οὐ,οὐ,οὐ
κρίνεται·,#LACUNA#,κρίνεται·,κρίνεται·,κρίνεται·,κρίνεται·,κρίνεται·,κρίνεται·,κρίνεται·,κρίνεται·,κρίνεται·,κρίνεται·,κρίνεται·,κρίνεται·,κρίνεται·,κρίνεται·,κρίνεται·
εἰ,#LACUNA#,εἰ,εἰ,εἰ,εἰ,εἰ,εἰ,εἰ,εἰ,εἰ,εἰ,εἰ,εἰ,εἰ,εἰ,εἰ
μὴ,#LACUNA#,μὴ,μὴ,μὴ,μὴ,μὴ,μὴ,μὴ,μὴ,μὴ,μὴ,μὴ,μὴ,μὴ,μὴ,μὴ
τὸ,#LACUNA#,τὸ,τὸ,τὸ,τὸ,τὸ,τὸ,τὸ,τὸ,τὸ,τὸ,τὸ,τὸ,τὸ,τὸ,τὸ
γενέσθαι,#LACUNA#,γενέσθαι,γενέσθαι,γενέσθαι,γενέσθαι,γενέσθαι,γενέσθαι,γενέσθαι,γενέσθαι,γενέσθαι,γενέσθαι,γενέσθαι,γενέσθαι,γενέσθαι,γενέσθαι,γενέσθαι
"πιστόν,",#LACUNA#,"πιστόν,","πιστόν,","πιστόν,","πιστόν,","πιστόν,","πιστόν,","πιστόν,","πιστόν,","πιστόν,","πιστόν,","πιστόν,","πιστόν,","πιστόν,","πιστόν,","πιστόν,"
εἰκότως,#LACUNA#,εἰκότως,εἰκότως,εἰκότως,εἰκότως,εἰκότως,εἰκότως,εἰκότως,εἰκότως,εἰκότως,εἰκότως,εἰκότως,εἰκότως,εἰκότως,εἰκότως,εἰκότως
ὅταν,#LACUNA#,ὅταν,ὅταν,ὅταν,ὅταν,ὅταν,ὅταν,ὅταν,ὅταν,ὅταν,ὅταν,ὅταν,ὅταν,ὅταν,ὅταν,ὅταν
ἐν,#LACUNA#,ἐν,ἐν,ἐν,ἐν,ἐν,ἐν,ἐν,ἐν,ἐν,ἐν,ἐν,ἐν,ἐν,ἐν,ἐν
ἁμαρτίαις,#LACUNA#,ἁμαρτίαις,ἁμαρτίαις,ἁμαρτίαις,ἁμαρτίαις,ἁμαρτίαις,ἁμαρτίαις,ἁμαρτίαις,ἁμαρτίαις,ἁμαρτίαις,ἁμαρτίαις,ἁμαρτίαις,ἁμαρτίαις,ἁμαρτίαις,ἁμαρτίαις,ἁμαρτίαις
τίς,#LACUNA#,τίς,τίς,τίς,τίς,τίς,τίς,τίς,τίς,τίς,τίς,τίς,τίς,τίς,τίς,τίς
ὢν,#LACUNA#,ὢν,ὢν,ὢν,ὢν,ὢν,ὢν,ὢν,ὢν,ὢν,ὢν,ὢν,ὢν,ὢν,ὢν,ὢν
οἰκονομῆται,#LACUNA#,οἰκονομῆται,οἰκονομεῖται,οἰκονομεῖται,οἰκονομεῖται,οἰκονομεῖται,οἰκονομεῖται,οἰκονομεῖται,οἰκονομῆται,οἰκονομῆται,οἰκονομῆται,οἰκονομῆται,οἰκονομῆται,οἰκονομεῖται,οἰκονομεῖται,οἰκονομεῖται
ἐκ,#LACUNA#,ἐκ,ἐκ,ἐκ,ἐκ,ἐκ,ἐκ,ἐκ,ἐκ,ἐκ,ἐκ,ἐκ,ἐκ,ἐκ,ἐκ,ἐκ
τῆς,#LACUNA#,τῆς,τῆς,τῆς,τῆς,τῆς,τῆς,τῆς,τῆς,τῆς,τῆς,τῆς,τῆς,τῆς,τῆς,τῆς
προνοίας,#LACUNA#,προνοίας,προνοίας,προνοίας,προνοίας,προνοίας,προνοίας,προνοίας,προνοίας,προνοίας,προνοίας,προνοίας,προνοίας,προνοίας,προνοίας,προνοίας
ἐν,#LACUNA#,ἐν,ἐν,ἐν,ἐν,ἐν,ἐν,ἐν,ἐν,ἐν,ἐν,ἐν,ἐν,ἐν,ἐν,ἐν
"συμφοραῖς,",#LACUNA#,"συμφοραῖς,","συμφοραῖς,","συμφοραῖς,","συμφοραῖς,","συμφοραῖς,","συμφοραῖς,","συμφοραῖς,","συμφοραῖς,","συμφοραῖς,","συμφοραῖς,","συμφοραῖς,","συμφοραῖς,","συμφοραῖς,","συμφοραῖς,","συμφοραῖς,"
ἐν,#LACUNA#,ἐν,ἐν,ἐν,ἐν,ἐν,ἐν,ἐν,ἐν,ἐν,ἐν,ἐν,ἐν,ἐν,ἐν,ἐν
"ἀνάγκαις,",#LACUNA#,"ἀνάγκαις,","ἀνάγκαις,","ἀνάγκαις,","ἀνάγκαις,","ἀνάγκαις,","ἀνάγκαις,","ἀνάγκαις,","ἀνάγκαις,","ἀνάγκαις,","ἀνάγκαις,","ἀνάγκαις,","ἀνάγκαις,","ἀνάγκαις,","ἀνάγκαις,","ἀνάγκαις,"
ἐν,#LACUNA#,ἐν,ἐν,ἐν,ἐν,ἐν,ἐν,ἐν,ἐν,ἐν,ἐν,ἐν,ἐν,ἐν,ἐν,ἐν
νόσοις,#LACUNA#,νόσοις,νόσοις,νόσοις,νόσοις,νόσοις,νόσοις,νόσοις,νόσοις,νόσοις,νόσοις,νόσοις,νόσοις,νόσοις,νόσοις,νόσοις
ὡς,#LACUNA#,ὡς,ὡς,ὡς,ὡς,ὡς,ὡς,ὡς,ὡς,ὡς,,ὡς,ὡς,ὡς,ὡς,ὡς
οὐκ,#LACUNA#,οὐκ,οὐκ,οὐκ,οὐκ,οὐκ,οὐκ,οὐκ,οὐκ,οὐκ,,οὐκ,οὐκ,οὐκ,οὐκ,οὐκ
οἶδε,#LACUNA#,οἶδε,οἶδε,οἶδε,οἶδε,οἶδε,οἶδε,οἶδε,οἶδε,οἶδε,,οἶδε,οἶδε,οἶδε,οἶδε,οἶδε
γὰρ,#LACUNA#,γὰρ,γὰρ,γὰρ,γὰρ,γὰρ,γὰρ,γὰρ,γὰρ,γὰρ,γὰρ,γὰρ,γὰρ,γὰρ,γὰρ,γὰρ
διὰ,#LACUNA#,διὰ,διὰ,διὰ,διὰ,διὰ,διὰ,διὰ,διὰ,διὰ,διὰ,διὰ,διὰ,διὰ,διὰ,διὰ
τῶν,#LACUNA#,τῶν,τῶν,τῶν,τῶν,τῶν,τῶν,τῶν,τῶν,τῶν,τῶν,τῶν,τῶν,τῶν,τῶν,τῶν
τοιούτων,#LACUNA#,τοιούτων,τοιούτων,τοιούτων,τοιούτων,τοιούτων,τοιούτων,τοιούτων,τοιούτων,τοιούτων,τοιούτων,τοιούτων,τοιούτων,τοιούτων,τοιούτων,τοιούτων
καθαίρει,#LACUNA#,καθαίρει,καθαίρει,καθαίρει,καθαίρει,καθαίρει,καθαίρει,καθαίρει,καθαίρει,καθαίρει,καθαίρει,καθαίρει,καθαίρει,καθεαυτὸν,καθαίρει,καθαίρει
αὐτὸν,#LACUNA#,αὐτὸν,αὐτὸν,αὐτὸν,αὐτὸν,αὐτὸν,αὐτὸν,αὐτὸν,αὐτὸν,αὐτὸν,αὐτὸν,αὐτὸν,αὐτὸν,,αὐτὸν,αὐτὸν
ὁ,#LACUNA#,ὁ,ὁ,ὁ,ὁ,ὁ,ὁ,ὁ,ὁ,ὁ,ὁ,ὁ,ὁ,ὁ,ὁ,ὁ
θεός,#LACUNA#,θεός,θεός,θεός,θεός,θεός,θεός,θεός,θεός,θεός,θεός,θεός,θεός,θεός,θεός,θεός
οὖν,#LACUNA#,οὖν,οὖν,,,οὖν,,οὖν,,οὖν,οὖν,οὖν,οὖν,οὖν,οὖν,οὖν
τῷ,#LACUNA#,τῷ,τῷ,τῷ,τῷ,τῷ,τῷ,τῷ,τῶν,τῷ,τῷ,τῷ,τῷ,τῷ,τῷ,τῷ
ἐν,#LACUNA#,ἐν,ἐν,ἐν,ἐν,ἐν,ἐν,ἐν,ἐν,ἐν,ἐν,ἐν,ἐν,ἐν,ἐν,ἐν
ἀπιστεία,#LACUNA#,ἀπιστίᾳ,ἀπιστεία,ἀπιστίᾳ,ἀπιστίᾳ,ἀπιστίᾳ,ἀπιστίᾳ,ἀπιστίᾳ,ἀπιστίᾳ,ἀπιστεία,ἀπιστεία,ἀπιστίᾳ,ἀπιστίᾳ,ἀπιστίᾳ,ἀπιστίᾳ,ἀπιστίᾳ
τὸν,#LACUNA#,τὸν,τὸν,τὸν,τὸν,τὸν,τὸν,τὸν,τὸν,τὸν,τὸν,τὸν,τὸν,τὸν,τὸν,τὸν
βίον,#LACUNA#,βίον,βίον,βίον,βίον,βίον,βίον,βίον,βίον,βίον,βίον,βίον,βίον,βίον,βίον,βίον
κατακλείσαντι,#LACUNA#,κατακλείσαντι,κατακλείσαντι,κατακλύσαντι,καταλύσαντι,καταλύσαντι,κατακλύσαντι,κατακλείσαντι,κατακλείσαντι,κατακλείσαντι,κατακλείσαντι,καταλύσαντι,κατακλείσαντι,κατακλείσαντι,κατακλείσαντι,κατακλείσαντι
οὔτε,#LACUNA#,οὔτε,οὔτε,οὔτε,οὔτε,οὔτε,οὔτε,οὔτε,οὔτε,οὔτε,οὔτε,οὔτε,οὔτε,οὔτε,οὔτε,οὔτε
ἐνταῦθα,#LACUNA#,ἐνταῦθα,ἐνταῦθα,ἐνταῦθα,ἐνταῦθα,ἐνταῦθα,ἐνταῦθα,ἐνταῦθα,ἐνταῦθα,ἐνταῦθα,ἐνταῦθα,ἐνταῦθα,ἐνταῦθα,ἐνταῦθα,ἐνταῦθα,ἐνταῦθα
οὔτε,#LACUNA#,οὔτε,οὔτε,οὔτε,οὔτε,οὔτε,οὔτε,οὔτε,οὔτε,οὔτε,οὔτε,οὔτε,οὔτε,οὔτε,οὔτε,οὔτε
ἐν,#LACUNA#,ἐν,ἐν,ἐν,ἐν,ἐν,ἐν,ἐν,ἐν,ἐν,ἐν,ἐν,ἐν,ἐν,ἐν,ἐν
τῷ,#LACUNA#,τῷ,τῷ,τῷ,τῷ,τῷ,τῷ,τῷ,τῷ,τῷ,τῷ,τῷ,τῷ,τῷ,τῷ,τῷ
μέλλοντι,#LACUNA#,μέλλοντι,μέλλοντι,μέλλοντι,μέλλοντι,μέλλοντι,μέλλοντι,μέλλοντι,μέλλοντι,μέλλοντι,μέλλοντι,μέλλοντι,μέλλοντι,μέλλοντι,μέλλοντι,μέλλοντι
ἀφεθήσεται,#LACUNA#,ἀφεθήσεται,ἀφεθήσεται,ἀφεθήσεται,ἀφεθήσεται,ἀφεθήσεται,ἀφεθήσεται,ἀφεθήσεται,ἀφεθήσεται,ἀφεθήσεται,ἀφεθήσεται,ἀφεθήσεται,ἀφεθήσεται,ἀφεθήσεται,ἀφεθήσεται,ἀφεθήσεται
τῆς,#LACUNA#,τῆς,τῆς,τῆς,τῆς,τῆς,τῆς,τῆς,τῆς,τῆς,τῆς,τῆς,τῆς,τῆς,τῆς,τῆς
ἀπιστίας,#LACUNA#,ἀπιστίας,ἀπιστίας,ἀπιστίας,ἀπιστίας,ἀπιστίας,ἀπιστίας,ἀπιστίας,ἀπιστίας,ἀπιστίας,ἀπιστίας,ἀπιστίας,ἀπιστίας,ἀπιστίας,ἀπιστίας,ἀπιστίας
καὶ,#LACUNA#,καὶ,καὶ,καὶ,καὶ,καὶ,καὶ,καὶ,καὶ,καὶ,καὶ,καὶ,καὶ,καὶ,καὶ,καὶ
ἀθεΐας,#LACUNA#,ἀθεΐας,ἀθεΐας,ἀθεΐας,ἀθεΐας,ἀθεΐας,ἀθεΐας,ἀθεΐας,ἀθεΐας,ἀθεΐας,ἀθεΐας,ἀθεΐας,ἀθεΐας,ἀθεΐας,ἀθεΐας,ἀθεΐας
ἡ,#LACUNA#,ἡ,ἡ,ἡ,ἡ,ἡ,ἡ,ἡ,ἡ,ἡ,ἡ,ἡ,ἡ,ἡ,ἡ,ἡ
ἁμαρτία.,#LACUNA#,ἁμαρτία.,ἁμαρτία.,ἁμαρτία.,ἁμαρτία.,ἁμαρτία.,ἁμαρτία.,ἁμαρτία.,ἁμαρτία.,ἁμαρτία.,ἁμαρτία.,ἁμαρτία.,ἁμαρτία.,ἁμαρτία.,ἁμαρτία.,ἁμαρτία.
,#LACUNA#,Ἰσιδώρου,Ἰσιδώρου,Ἰσιδώρου,Ἰσιδώρου,,,Ἰσιδώρου,#LACUNA#,Ἰσιδώρου,Ἰσιδώρου,νείλου,νείλου,Ἰσιδώρου,,
,#LACUNA#,Πηλουσίου,πηλουσιώτ(ου),Πηλουσίου,Πηλουσίου,,,Πηλουσίου,#LACUNA#,πηλουσιώτ(ου),πηλουσιώτ(ου),τοῦ,τοῦ,πηλουσιώτ(ου),,
Γρηγορίου,#LACUNA#,Γρηγορίου,Γρηγορίου,Γρηγορίου,Γρηγορίου,Γρηγορίου,Γρηγορίου,Γρηγορίου,#LACUNA#,Γρηγορίου,Γρηγορίου,,,Γρηγορίου,Γρηγορίου,Γρηγορίου
Νύσης,#LACUNA#,Νύσης,Νύσης,Νύσης,Νύσης,Νύσης,Νύσης,Νύσης,#LACUNA#,Νύσης,Νύσης,νύσσης,νύσσης,Νύσης,Νύσης,Νύσης
Ἤκουσά,#LACUNA#,Ἤκουσά,Ἤκουσά,Ἤκουσά,Ἤκουσά,Ἤκουσά,Ἤκουσά,Ἤκουσά,#LACUNA#,Ἤκουσά,Ἤκουσά,Ἤκουσά,Ἤκουσά,Ἤκουσά,Ἤκουσά,Ἤκουσά
που,#LACUNA#,που,που,που,που,που,που,που,#LACUNA#,που,που,που,που,που,που,που
τῆς,#LACUNA#,τῆς,τῆς,τῆς,τῆς,τῆς,τῆς,τῆς,#LACUNA#,τῆς,τῆς,τῆς,τῆς,τῆς,τῆς,τῆς
ἁγίας,#LACUNA#,ἁγίας,ἁγίας,ἁγίας,ἁγίας,ἁγίας,ἁγίας,ἁγίας,#LACUNA#,ἁγίας,ἁγίας,ἁγίας,ἁγίας,ἁγίας,ἁγίας,ἁγίας
γραφῆς,#LACUNA#,γραφῆς,γραφῆς,γραφῆς,γραφῆς,γραφῆς,γραφῆς,γραφῆς,#LACUNA#,γραφῆς,γραφῆς,γραφῆς,γραφῆς,γραφῆς,γραφῆς,γραφῆς
κατακρινούσης,#LACUNA#,κατακρινούσης,κατακρινούσης,κατακρινούσης,κατακρινούσης,κατακρινούσης,κατακρινούσης,κατακρινούσης,#LACUNA#,κατακρινούσης,κατακρινούσης,κατακρινούσης,κατακινούσης,κατακρινούσης,κατακρινούσης,κατακρινούσης
"ἐκείνους,",#LACUNA#,"ἐκείνους,","ἐκείνους,","ἐκείνους,","ἐκείνους,","ἐκείνους,","ἐκείνους,","ἐκείνους,",#LACUNA#,"ἐκείνους,","ἐκείνους,","ἐκείνους,","ἐκείνους,","ἐκείνους,","ἐκείνους,","ἐκείνους,"
οἳ,#LACUNA#,οἳ,οἳ,οἳ,οἳ,οἳ,οἳ,οἳ,#LACUNA#,οἳ,οἳ,οἳ,οἳ,οἳ,οἳ,οἳ
κατὰ,#LACUNA#,κατὰ,κατὰ,κατὰ,κατὰ,κατὰ,κατὰ,κατὰ,#LACUNA#,κατὰ,κατὰ,κατὰ,κατὰ,κατὰ,κατὰ,κατὰ
τῆς,#LACUNA#,τῆς,τῆς,τῆς,τῆς,τῆς,τῆς,τῆς,#LACUNA#,τῆς,τῆς,,,τῆς,τῆς,τῆς
τοῦ,#LACUNA#,τοῦ,τοῦ,τοῦ,τοῦ,τοῦ,τοῦ,τοῦ,#LACUNA#,τοῦ,τοῦ,τοῦ,τοῦ,τοῦ,τοῦ,τοῦ
θεοῦ,#LACUNA#,θεοῦ,θεοῦ,θεοῦ,θεοῦ,θεοῦ,θεοῦ,θεοῦ,#LACUNA#,θεοῦ,θεοῦ,θεοῦ,θεοῦ,θεοῦ,θεοῦ,θεοῦ
βλασφημίας,#LACUNA#,βλασφημίας,βλασφημίας,βλασφημίας,βλασφημίας,βλασφημίας,βλασφημίας,βλασφημίας,#LACUNA#,βλασφημίας,βλασφημίας,βλασφημίας,βλασφημίας,βλασφημίας,βλασφημίας,βλασφημίας
αἴτιοι,#LACUNA#,αἴτιοι,αἴτιοι,αἴτιοι,αἴτιοι,αἴτιοι,αἴτιοι,αἴτιοι,#LACUNA#,αἴτιοι,αἴτιοι,αἴτιοι,αἴτιοι,αἴτιοι,αἴτιοι,αἴτιοι
γίνονται.,#LACUNA#,γίνονται.,γίνονται.,γίνονται.,γίνονται.,γίνονται.,γίνονται.,γίνονται.,#LACUNA#,γίνονται.,γίνονται.,γίνονται.,γίνονται.,γίνονται.,γίνονται.,γίνονται.
Οὐαὶ,#LACUNA#,Οὐαὶ,Οὐαὶ,Οὐαὶ,Οὐαὶ,Οὐαὶ,Οὐαὶ,Οὐαὶ,#LACUNA#,Οὐαὶ,Οὐαὶ,Οὐαὶ,Οὐαὶ,Οὐαὶ,Οὐαὶ,Οὐαὶ
γὰρ,#LACUNA#,γὰρ,γὰρ,γὰρ,γὰρ,γὰρ,γὰρ,γὰρ,#LACUNA#,γὰρ,γὰρ,γὰρ,γὰρ,γὰρ,γὰρ,γὰρ
φησὶν,#LACUNA#,φησὶν,φησὶν,φησὶν,φησὶν,,φησὶν,,#LACUNA#,φησὶν,φησὶν,φησὶν,φησὶν,φησὶν,φησὶν,φησὶν
δι᾽,#LACUNA#,δι᾽,δι᾽,δι᾽,δι᾽,δι᾽,δι᾽,δι᾽,#LACUNA#,δι᾽,δι᾽,δι᾽,δι᾽,δι᾽,δι᾽,δι᾽
οὓς,#LACUNA#,οὓς,οὓς,οὓς,οὓς,οὓς,οὓς,οὓς,#LACUNA#,οὓς,οὓς,οὓς,οὓς,οὓς,οὓς,οὓς
τὸ,τὸ,τὸ,τὸ,τὸ,τὸ,τὸ,τὸ,τὸ,#LACUNA#,τὸ,τὸ,τὸ,τὸ,τὸ,τὸ,τὸ
ὄνομά,ὄνομά,ὄνομά,ὄνομά,ὄνομά,ὄνομά,ὄνομά,ὄνομά,ὄνομά,#LACUNA#,ὄνομά,ὄνομά,ὄνομά,ὄνομά,ὄνομά,ὄνομά,ὄνομά
μου,μου,μου,μου,μου,μου,μου,μου,μου,#LACUNA#,μου,μου,μου,μου,μου,μου,μου
βλασφημεῖται,βλασφημεῖται,βλασφημεῖται,βλασφημεῖται,βλασφημεῖται,βλασφημεῖται,βλασφημεῖται,βλασφημεῖται,βλασφημεῖται,#LACUNA#,βλασφημεῖται,βλασφημεῖται,βλασφημεῖται,βλασφημεῖται,βλασφημεῖται,βλασφημεῖται,βλασφημεῖται
ἐν,ἐν,ἐν,ἐν,ἐν,ἐν,ἐν,ἐν,ἐν,#LACUNA#,ἐν,ἐν,ἐν,ἐν,ἐν,ἐν,ἐν
τοῖς,τοῖς,τοῖς,τοῖς,τοῖς,τοῖς,τοῖς,τοῖς,τοῖς,#LACUNA#,τοῖς,τοῖς,τοῖς,τοῖς,τοῖς,τοῖς,τοῖς
ἔθνεσι.,ἔθνεσι.,ἔθνεσι.,ἔθνεσι.,ἔθνεσι.,ἔθνεσι.,ἔθνεσι.,ἔθνεσι.,ἔθνεσι.,#LACUNA#,ἔθνεσι.,ἔθνεσι.,ἔθνεσι.,ἔθνεσι.,ἔθνεσι.,ἔθνεσι.,ἔθνεσι.
Διὰ,Διὰ,Διὰ,Διὰ,Διὰ,Διὰ,Διὰ,Διὰ,Διὰ,#LACUNA#,Διὰ,Διὰ,Διὰ,Διὰ,Διὰ,Διὰ,Διὰ
τοῦτο,τοῦτο,τοῦτο,τοῦτο,τοῦτο,τοῦτο,τοῦτο,τοῦτο,τοῦτο,#LACUNA#,τοῦτο,τοῦτο,τοῦτο,τοῦτο,τοῦτο,τοῦτο,τοῦτο
,,,,,,,,,#LACUNA#,,,γὰρ,γὰρ,,,
χαλεπὴν,χαλεπὴν,χαλεπὴν,χαλεπὴν,χαλεπὴν,χαλεπὴν,χαλεπὴν,χαλεπὴν,χαλεπὴν,#LACUNA#,χαλεπὴν,χαλεπὴν,χαλεπὴν,χαλεπὴν,χαλεπὴν,χαλεπὴν,χαλεπὴν
τοῖς,τοῖς,τοῖς,τοῖς,τοῖς,τοῖς,τοῖς,τοῖς,τοῖς,#LACUNA#,τοῖς,τοῖς,τοῖς,τοῖς,τοῖς,τοῖς,τοῖς
τοιούτοις,τοιούτοις,τοιούτοις,τοιούτοις,τοιούτοις,τοιούτοις,τοιούτοις,τοιούτοις,τοιούτοις,#LACUNA#,τοιούτοις,τοιούτοις,τοιούτοις,τοιούτοις,τοιούτοις,τοιούτοις,τοιούτοις
ἀπειλὴν,ἀπειλὴν,ἀπειλὴν,ἀπειλὴν,ἀπειλὴν,ἀπειλὴν,ἀπειλὴν,ἀπειλὴν,ἀπειλὴν,#LACUNA#,ἀπειλὴν,ἀπειλὴν,ἀπειλὴν,ἀπειλὴν,ἀπειλὴν,ἀπειλὴν,ἀπειλὴν
ὁ,ὁ,ὁ,ὁ,ὁ,ὁ,ὁ,ὁ,ὁ,#LACUNA#,ὁ,ὁ,ὁ,ὁ,ὁ,ὁ,ὁ
λόγος,λόγος,λόγος,λόγος,λόγος,λόγος,λόγος,λόγος,λόγος,#LACUNA#,λόγος,λόγος,λόγος,λόγος,λόγος,λόγος,λόγος
ἐπανατείνεται,ἐπανατείνεται,ἐπανατείνεται,ἐπανατείνεται,ἐπανατείνεται,ἐπανατείνεται,ἐπανατείνεται,ἐπανατείνεται,ἐπανατείνεται,#LACUNA#,ἐπανατείνεται,ἐπανατείνεται,ἐπανατείνεται,ἐπανατείνεται,ἐπανατείνεται,ἐπανατείνεται,ἐπανατείνεται
λέγων,λέγων,λέγων,λέγων,λέγων,λέγων,λέγων,λέγων,λέγων,#LACUNA#,λέγων,λέγων,λέγων,λέγων,λέγων,λέγων,λέγων
ἐκείνοις,ἐκείνοις,ἐκείνοις,ἐκείνοις,ἐκείνοις,ἐκείνοις,ἐκείνοις,ἐκείνοις,ἐκείνοις,#LACUNA#,ἐκείνοις,ἐκείνοις,ἐκείνοις,ἐκείνοις,ἐκείνοις,ἐκείνοις,ἐκείνοις
εἶναι,εἶναι,εἶναι,εἶναι,εἶναι,εἶναι,εἶναι,εἶναι,εἶναι,#LACUNA#,εἶναι,εἶναι,εἶναι,εἶναι,εἶναι,εἶναι,εἶναι
τὸ,τὸ,τὸ,τὸ,τὸ,τὸ,τὸ,τὸ,τὸ,#LACUNA#,τὸ,τὸ,τὸ,τὸ,τὸ,τὸ,τὸ
Οὐαὶ,Οὐαὶ,Οὐαὶ,Οὐαὶ,Οὐαὶ,Οὐαὶ,Οὐαὶ,Οὐαὶ,Οὐαὶ,#LACUNA#,Οὐαὶ,Οὐαὶ,Οὐαὶ,Οὐαὶ,Οὐαὶ,Οὐαὶ,Οὐαὶ
δι᾽,δι᾽,δι᾽,δι᾽,δι᾽,δι᾽,δι᾽,δι᾽,δι᾽,#LACUNA#,δι᾽,δι᾽,δι᾽,δι᾽,δι᾽,δι᾽,δι᾽
οὓς,οὓς,οὓς,οὓς,οὓς,οὓς,οὓς,οὓς,οὓς,#LACUNA#,οὓς,οὓς,οὓς,οὓς,οὓς,οὓς,οὓς
τὸ,τὸ,τὸ,τὸ,τὸ,τὸ,τὸ,τὸ,τὸ,#LACUNA#,τὸ,τὸ,τὸ,τὸ,τὸ,τὸ,τὸ
ὄνομά,ὄνομά,ὄνομά,ὄνομά,ὄνομά,ὄνομά,ὄνομά,ὄνομά,ὄνομά,#LACUNA#,ὄνομά,ὄνομά,ὄνομά,ὄνομά,ὄνομά,ὄνομά,ὄνομά
μου,μου,μου,μου,μου,μου,μου,μου,μου,#LACUNA#,μου,μου,μου,μου,μου,μου,μου
βλασφημεῖται,βλασφημεῖται,βλασφημεῖται,βλασφημεῖται,βλασφημεῖται,βλασφημεῖται,βλασφημεῖται,βλασφημεῖται,βλασφημεῖται,#LACUNA#,βλασφημεῖται,βλασφημεῖται,βλασφημεῖται,βλασφημεῖται,βλασφημεῖται,βλασφημεῖται,βλασφημεῖται
ἐν,ἐν,ἐν,ἐν,ἐν,ἐν,ἐν,ἐν,ἐν,#LACUNA#,ἐν,ἐν,ἐν,ἐν,ἐν,ἐν,ἐν
τοῖς,τοῖς,τοῖς,τοῖς,τοῖς,τοῖς,τοῖς,τοῖς,τοῖς,#LACUNA#,τοῖς,τοῖς,τοῖς,τοῖς,τοῖς,τοῖς,τοῖς
ἔθνεσιν.,ἔθνεσιν.,ἔθνεσιν.,ἔθνεσιν.,ἔθνεσιν.,ἔθνεσιν.,ἔθνεσιν.,ἔθνεσιν.,ἔθνεσιν.,#LACUNA#,ἔθνεσιν.,ἔθνεσιν.,ἔθνεσιν.,ἔθνεσιν.,ἔθνεσιν.,ἔθνεσιν.,ἔθνεσιν.
Νείλου,Νείλου,Νείλου,Νείλου,Νείλου,Νείλου,Νείλου,Νείλου,Νείλου,Νείλου,,,Νείλου,Νείλου,Νείλου,Νείλου,Νείλου
μοναχοῦ,μοναχοῦ,μοναχοῦ,μοναχοῦ,μοναχοῦ,μοναχοῦ,μοναχοῦ,μοναχοῦ,ἡ,,,,μοναχοῦ,μοναχοῦ,μοναχοῦ,μοναχοῦ,μοναχοῦ
,,,,,,ἀπὸ,,,,,,,,,,
,,,,,,τῶν,,,,,,,,,,
,,,,,,τῆς,,,,,,,,,,
,,,,,,κακίας,,,,,,,,,,
,,,,,,ὀκτῶ,,,,,,,,,,
,,,,,,λογισμῶν,,,,,,,,,,
Ὄψις,Ὄψις,Ὄψις,Ὄψις,Ὄψις,Ὄψις,Ὄψις,Ὄψις,Ὄψις,Ὄψις,Ὄψις,Ὄψις,Ὄψις,Ὄψις,Ὄψις,Ὄψις,Ὄψις
γυναικὸς,γυναικὸς,γυναικὸς,γυναικὸς,γυναικὸς,γυναικὸς,γυναικὸς,γυναικὸς,γυναικὸς,γυναικὸς,γυναικὸς,γυναικὸς,γυναικὸς,γυναικὸς,γυναικὸς,γυναικὸς,γυναικὸς
,πεφαρμακευμένον,,,,,,,,,πεφαρμακευμένον,πεφαρμακευμένον,,,πεφαρμακευμένον,,
βέλος,βέλος,βέλος,βέλος,βέλος,βέλος,βέλος,βέλος,βέλος,βέλος,βέλος,βέλος,βέλος,βέλος,βέλος,μέλος,μέλος
ἐστὶ,ἐστὶ,ἐστὶ,ἐστὶ,ἐστὶ,ἐστὶ,ἐστὶ,ἐστὶ,ἐστὶ,ἐστὶ,ἐστὶ,ἐστὶ,ἐστὶ,ἐστὶ,ἐστὶ,ἐστὶ,ἐστὶ
πεφαρμακευμένον,,πεφαρμακευμένον,πεφαρμακευμένον,πεφαρμακευμένον,πεφαρμακευμένον,πεφαρμακευμένον,πεφαρμακευμένον,πεφαρμακευμένον,πεφαρμακευμένον,,,πεφαρμακευμένον,πεφαρμακευμένον,,πεφαρμακευμένον,πεφαρμακευμένον
ἔτρωσε,ἔτρωσε,ἔτρωσε,ἔτρωσε,ἔτρωσε,ἔτρωσε,ἔτρωσε,ἔτρωσε,ἔτρωσε,ἔτρωσε,ἔτρωσε,ἔτρωσε,ἔτρωσε,ἔτρωσε,ἔτρωσε,ἔτρωσε,ἔτρωσε
τὴν,τὴν,τὴν,τὴν,τὴν,τὴν,τὴν,τὴν,τὴν,τὴν,τὴν,τὴν,τὴν,τὴν,τὴν,τὴν,τὴν
"ψυχὴν,","ψυχὴν,","ψυχὴν,","ψυχὴν,","ψυχὴν,","ψυχὴν,","ψυχὴν,","ψυχὴν,","ψυχὴν,","ψυχὴν,","ψυχὴν,","ψυχὴν,","ψυχὴν,","ψυχὴν,","ψυχὴν,","ψυχὴν,","ψυχὴν,"
καὶ,καὶ,καὶ,καὶ,καὶ,καὶ,καὶ,καὶ,καὶ,καὶ,καὶ,καὶ,καὶ,καὶ,καὶ,καὶ,καὶ
τὸν,τὸν,τὸν,τὸν,τὸν,τὸν,τὸν,τὸν,τὸν,τὸν,τὸν,τὸν,τὸν,τὸν,τὸν,τὸν,τὸν
ἰὸν,ἰὸν,ἰὸν,ἰὸν,ἰὸν,ἰὸν,ἰὸν,ἰὸν,ἰὸν,ἰὸν,ἰὸν,ἰὸν,ἰὸν,ἰὸν,ἰὸν,ἰὸν,ἰὸν
"ἐναπέθετο,","ἐναπέθετο,","ἐναπέθετο,","ἐναπέθετο,","ἐναπέθετο,","ἐναπέθετο,","ἐναπέθετο,","ἐναπέθετο,","ἐναπέθετο,","ἐναπέθετο,","ἐναπέθετο,","ἐναπέθετο,","ἐναπέθετο,","ἐναπέθετο,","ἐναπέθετο,","ἐναπέθετο,","ἐναπέθετο,"
καὶ,καὶ,καὶ,καὶ,καὶ,καὶ,καὶ,καὶ,καὶ,καὶ,καὶ,καὶ,καὶ,καὶ,καὶ,καὶ,καὶ
ὅσον,ὅσον,ὅσον,ὅσον,ὅσον,ὅσον,ὅσον,ὅσον,ὅσον,ὅσον,ὅσον,ὅσον,ὅσον,ὅσον,ὅσον,ὅσον,ὅσον
"χρονίζει,","χρονίζει,","χρονίζει,","χρονίζει,","χρονίζει,","χρονίζει,","χρονίζει,","χρονίζει,","χρονίζει,","χρονίζει,","χρονίζει,","χρονίζει,","χρονίζει,","χρονίζει,","χρονίζει,","χρονίζει,","χρονίζει,"
πλείονα,πλείονα,πλείονα,πλείονα,πλείονα,πλείονα,πλείονα,πλείονα,πλείονα,πλείονα,πλείονα,πλείονα,πλείονα,πλείονα,πλείονα,πλείονα,πλείονα
τὴν,τὴν,τὴν,τὴν,τὴν,τὴν,τὴν,τὴν,τὴν,τὴν,τὴν,τὴν,τὴν,τὴν,τὴν,τὴν,τὴν
σῆψιν,σῆψιν,σῆψιν,σῆψιν,σῆψιν,σῆψιν,σῆψιν,σῆψιν,σῆψιν,σῆψιν,σῆψιν,σῆψιν,σῆψιν,σῆψιν,σῆψιν,σῆψιν,σῆψιν
ἐργάζεται.,ἐργάζεται.,ἐργάζεται.,ἐργάζεται.,ἐργάζεται.,ἐργάζεται.,ἐργάζεται.,ἐργάζεται.,ἐργάζεται.,ἐργάζεται.,ἐργάζεται.,ἐργάζεται.,ἐργάζεται.,ἐργάζεται.,ἐργάζεται.,ἐργάζεται.,ἐργάζεται.
βέλτιον,βέλτιον,βέλτιον,βέλτιον,βέλτιον,βέλτιον,βέλτιον,βέλτιον,βέλτιον,βέλτιον,βέλτιον,βέλτιον,βέλτιον,βέλτιον,βέλτιον,βέλτιον,βέλτιον
γὰρ,γὰρ,γὰρ,γὰρ,γὰρ,γὰρ,γὰρ,γὰρ,γὰρ,γὰρ,γὰρ,γὰρ,γὰρ,γὰρ,γὰρ,γὰρ,γὰρ
οἴκοι,οἴκοι,οἴκοι,οἴκοι,οἴκοι,οἴκοι,οἴκοι,οἴκοι,οἴκοι,οἴκοι,οἴκοι,οἴκοι,οἴκοι,οἴκοι,οἴκοι,οἴκοι,οἴκοι
μένοντα,μένοντα,μένοντα,μένοντα,μένοντα,μένοντα,μένοντα,μένοντα,μένοντα,μένοντα,μένοντα,μένοντα,μένοντα,μένοντα,μένοντα,μένοντα,μένοντα
σχολάζειν,σχολάζειν,σχολάζειν,σχολάζειν,σχολάζειν,σχολάζειν,σχολάζειν,σχολάζειν,σχολάζειν,σχολάζειν,σχολάζειν,σχολάζειν,σχολάζειν,σχολάζειν,σχολάζειν,σχολάζειν,σχολάζειν
διηνεκῶς,διηνεκῶς,διηνεκῶς,διηνεκῶς,διηνεκῶς,διηνεκῶς,διηνεκῶς,διηνεκῶς,διηνεκῶς,διηνεκῶς,διηνεκῶς,διηνεκῶς,διηνεκῶς,διηνεκῶς,διηνεκῶς,διηνεκῶς,διηνεκῶς
τῇ,τῇ,τῇ,τῇ,τῇ,τῇ,τῇ,τῇ,τῇ,τῇ,τῇ,τῇ,τῇ,τῇ,τῇ,τῇ,τῇ
"προσευχῇ,","προσευχῇ,","προσευχῇ,","προσευχῇ,","προσευχῇ,","προσευχῇ,","προσευχῇ,","προσευχῇ,","προσευχῇ,","προσευχῇ,","προσευχῇ,","προσευχῇ,","προσευχῇ,","προσευχῇ,","προσευχῇ,","προσευχῇ,","προσευχῇ,"
ἢ,ἢ,ἢ,ἢ,ἢ,ἢ,ἢ,ἢ,ἢ,ἢ,ἢ,ἢ,ἢ,ἢ,ἢ,ἢ,ἢ
διὰ,διὰ,διὰ,διὰ,διὰ,διὰ,διὰ,διὰ,διὰ,διὰ,διὰ,διὰ,διὰ,διὰ,διὰ,διὰ,διὰ
τοῦ,τοῦ,τοῦ,τοῦ,τοῦ,τοῦ,τοῦ,τοῦ,τοῦ,τοῦ,τοῦ,τοῦ,τοῦ,τοῦ,τοῦ,τοῦ,τοῦ
τιμᾶν,τιμᾶν,τιμᾶν,τιμᾶν,τιμᾶν,τιμᾶν,τιμᾶν,τιμᾶν,τιμᾶν,τιμᾶν,τιμᾶν,τιμᾶν,τιμᾶν,τιμᾶν,τιμᾶν,τιμᾶν,τιμᾶν
τὰς,τὰς,τὰς,τὰς,τὰς,τὰς,τὰς,τὰς,τὰς,τὰς,τὰς,τὰς,τὰς,τὰς,τὰς,τὰς,τὰς
ἑορτὰς,ἑορτὰς,ἑορτὰς,ἑορτὰς,ἑορτὰς,ἑορτὰς,ἑορτὰς,ἑορτὰς,ἑορτὰς,ἑορτὰς,ἑορτὰς,ἑορτὰς,ἑορτὰς,ἑορτὰς,ἑορτὰς,ἑορτὰς,ἑορτὰς
πάρεργον,πάρεργον,πάρεργον,πάρεργον,πάρεργον,πάρεργον,πάρεργον,πάρεργον,παρανάλωμα,πάρεργον,πάρεργον,πάρεργον,πάρεργον,πάρεργον,πάρεργον,πάρεργον,πάρεργον
γίνεσθαι,γίνεσθαι,γίνεσθαι,γίνεσθαι,γίνεσθαι,γίνεσθαι,γίνεσθαι,γίνεσθαι,γίνεσθαι,γίνεσθαι,γίνεσθαι,γίνεσθαι,γίνεσθαι,γίνεσθαι,γίνεσθαι,γίνεσθαι,γίνεσθαι
τὸν,τῶν,τῶν,τῶν,τῶν,τῶν,τῶν,τῶν,τῶν,τῶν,τῶν,τῶν,τῶν,τῶν,τῶν,τῶν,τὸν
ἐχθρόν,ἐχθρῶν,ἐχθρῶν,ἐχθρῶν,ἐχθρῶν,ἐχθρῶν,ἐχθρῶν,ἐχθρῶν,ἐχθρῶν,ἐχθρῶν,ἐχθρῶν,ἐχθρῶν,ἐχθρῶν,ἐχθρῶν,ἐχθρῶν,ἐχθρῶν,ἐχθρῶν
Φεῦγε,Φεῦγε,Φεῦγε,Φεῦγε,Φεῦγε,Φεῦγε,Φεῦγε,Φεῦγε,Φεῦγε,Φεῦγε,Φεῦγε,Φεῦγε,Φεῦγε,Φεῦγε,Φεῦγε,Φεῦγε,Φεῦγε
συντυχίας,συντυχίας,συντυχίας,συντυχίας,συντυχίας,συντυχίας,συντυχίας,συντυχίας,συντυχίας,συντυχίας,συντυχίας,συντυχίας,συντυχίας,συντυχίας,συντυχίας,συντυχίας,συντυχίας
γυναικῶν,γυναικῶν,γυναικῶν,γυναικῶν,γυναικῶν,γυναικῶν,γυναικῶν,γυναικῶν,γυναικῶν,γυναικῶν,γυναικῶν,γυναικῶν,γυναικῶν,γυναικῶν,γυναικῶν,γυναικῶν,γυναικῶν
ἐὰν,ἐὰν,ἐὰν,ἐὰν,ἐὰν,ἐὰν,ἐὰν,ἐὰν,ἐὰν,ἐὰν,ἐὰν,ἐὰν,ἐὰν,ἐὰν,ἐὰν,ἐὰν,ἐὰν
θέλῃς,θέλῃς,θέλῃς,θέλῃς,θέλῃς,θέλῃς,θέλῃς,θέλῃς,θέλῃς,θέλῃς,θέλῃς,θέλῃς,θέλῃς,θέλῃς,θέλῃς,θέλῃς,θέλῃς
"σωφρονεῖν,","σωφρονεῖν,","σωφρονεῖν,","σωφρονεῖν,","σωφρονεῖν,","σωφρονεῖν,","σωφρονεῖν,","σωφρονεῖν,","σωφρονεῖν,","σωφρονεῖν,","σωφρονεῖν,","σωφρονεῖν,","σωφρονεῖν,","σωφρονεῖν,","σωφρονεῖν,","σωφρονεῖν,","σωφρονεῖν,"
καὶ,καὶ,καὶ,καὶ,καὶ,καὶ,καὶ,καὶ,καὶ,καὶ,καὶ,καὶ,καὶ,καὶ,καὶ,καὶ,καὶ
μὴ,μὴ,μὴ,μὴ,μὴ,μὴ,μὴ,μὴ,μὴ,μὴ,μὴ,μὴ,μὴ,μὴ,μηδαμῶς,μὴ,μὴ
δῷς,δῷς,δῷς,δῷς,δῷς,δῷς,δῷς,δῷς,δῷς,δῷς,δῷς,δῷς,δῷς,δῷς,,δῷς,δῷς
αὐταῖς,αὐταῖς,αὐταῖς,αὐταῖς,αὐταῖς,αὐταῖς,αὐταῖς,αὐταῖς,αὐταῖς,αὐταῖς,αὐτῆς,αὐτῆς,αὐταῖς,αὐταῖς,αὐταῖς,αὐταῖς,αὐταῖς
παρρησίαν,παρρησίαν,παρρησίαν,παρρησίαν,παρρησίαν,παρρησίαν,παρρησίαν,παρρησίαν,παρρησίαν,παρρησίαν,παρρησίαν,παρρησίαν,παρρησίαν,παρρησίαν,παρρησίαν,παρρησίαν,παρρησίαν
θαρρῆσαι,θαρρῆσαι,θαρρῆσαι,θαρρῆσαι,θαρρῆσαι,θαρρῆσαι,θαρρῆσαι,θαρρῆσαι,θαρρῆσαι,θαρρῆσαι,θαρρῆσαι,θαρρῆσαι,θαρρῆσαι,θαρρῆσαι,θαρρῆσαι,θαρρῆσαι,θαρρῆσαι
σοί,σοί,σοί,σοί,σοί,σοί,σοί,σοί,σοί,σοί,σοί,σοί,σοί,σοί,σοί,σοί,σοί
ποτε.,ποτε.,ποτε.,ποτε.,ποτε.,ποτε.,ποτε.,ποτε.,ποτε.,ποτε.,ποτε.,ποτε.,ποτε.,ποτε.,ποτε.,ποτε.,ποτε.
Θάλλει,θάλπει,Θάλλει,Θάλλει,Θάλλει,Θάλλει,Θάλλει,Θάλλει,Θάλλει,Θάλλει,θάλπει,θάλπει,Θάλλει,Θάλλει,θάλπει,Θάλλει,Θάλλει
βοτάνη,,βοτάνη,βοτάνη,βοτάνη,βοτάνη,βοτάνη,βοτάνη,βοτάνη,βοτάνη,,,βοτάνη,βοτάνη,,βοτάνη,βοτάνη
ἑστῶσα,ἑστῶσα,ἑστῶσα,ἑστῶσα,ἑστῶσα,ἑστῶσα,ἑστῶσα,ἑστῶσα,ἰστῶσα,ἑστῶσα,ἑστῶσα,ἑστῶσα,ἑστῶσα,ἑστῶσα,ἑστῶσα,ἐστῶσα,ἐστῶσα
,βοτάνη,,,,,,,,,βοτάνη,βοτάνη,,,βοτάνη,,
παρ᾽,παρ᾽,παρ᾽,παρ᾽,παρ᾽,παρ᾽,παρ᾽,παρ᾽,παρ᾽,παρ᾽,παρ᾽,παρ᾽,παρ᾽,παρ᾽,παρ᾽,παρ᾽,παρ᾽
"ὕδατι,","ὕδατι,","ὕδατι,","ὕδατι,","ὕδατι,","ὕδατι,","ὕδατι,","ὕδατι,","ὕδατι,","ὕδατι,","ὕδατι,","ὕδατι,","ὕδατι,","ὕδατι,","ὕδατι,","ὕδατι,","ὕδατι,"
καὶ,καὶ,καὶ,καὶ,καὶ,καὶ,καὶ,καὶ,καὶ,καὶ,καὶ,καὶ,καὶ,καὶ,καὶ,καὶ,καὶ
πάθος,πάθος,πάθος,πάθος,πάθος,πάθος,πάθος,πάθος,πάθος,πάθος,πάθος,πάθος,πάθος,πάθος,πάθος,πάθος,πάθος
"ἀκολασίας,","ἀκολασίας,","ἀκολασίας,","ἀκολασίας,","ἀκολασίας,","ἀκολασίας,","ἀκολασίας,","ἀκολασίας,","ἀκολασίας,","ἀκολασίας,","ἀκολασίας,","ἀκολασίας,","ἀκολασίας,","ἀκολασίας,","ἀκολασίας,","ἀκολασίας,","ἀκολασίας,"
ἐν,ἐν,ἐν,ἐν,ἐν,ἐν,ἐν,ἐν,ἐν,ἐν,ἐν,ἐν,ἐν,ἐν,ἐν,ἐν,ἐν
συντυχίαις,συντυχίαις,συντυχίαις,συντυχίαις,συντυχίαις,συντυχίαις,συντυχίαις,συντυχίαις,συντυχίαις,συντυχίαις,συντυχίαις,συντυχίαις,συντυχίαις,συντυχίαις,συντυχίαις,συντυχίαις,συντυχίαις
γυναικῶν.,γυναικῶν.,γυναικῶν.,γυναικῶν.,γυναικῶν.,γυναικῶν.,γυναικῶν.,γυναικῶν.,γυναικῶν.,γυναικῶν.,γυναικῶν.,γυναικῶν.,γυναικῶν.,γυναικῶν.,γυναικῶν.,γυναικῶν.,γυναικῶν.
τοῦ,τοῦ,τοῦ,#LACUNA#,#LACUNA#,#LACUNA#,#LACUNA#,#LACUNA#,#LACUNA#,#LACUNA#,τοῦ,τοῦ,#LACUNA#,#LACUNA#,τοῦ,#LACUNA#,#LACUNA#
Χρυσοστόμου,Χρυσοστόμου,Χρυσοστόμου,#LACUNA#,#LACUNA#,#LACUNA#,#LACUNA#,#LACUNA#,#LACUNA#,#LACUNA#,Χρυσοστόμου,Χρυσοστόμου,#LACUNA#,#LACUNA#,Χρυσοστόμου,#LACUNA#,#LACUNA#
Τοὺς,Τοὺς,Τοὺς,#LACUNA#,#LACUNA#,#LACUNA#,#LACUNA#,#LACUNA#,#LACUNA#,#LACUNA#,Τοὺς,Τοὺς,#LACUNA#,#LACUNA#,Τοὺς,#LACUNA#,#LACUNA#
ἐν,ἐν,ἐν,#LACUNA#,#LACUNA#,#LACUNA#,#LACUNA#,#LACUNA#,#LACUNA#,#LACUNA#,ἐν,ἐν,#LACUNA#,#LACUNA#,ἐν,#LACUNA#,#LACUNA#
τῇ,τῇ,τῇ,#LACUNA#,#LACUNA#,#LACUNA#,#LACUNA#,#LACUNA#,#LACUNA#,#LACUNA#,τῇ,τῇ,#LACUNA#,#LACUNA#,τῇ,#LACUNA#,#LACUNA#
πόλει,πόλει,πόλει,#LACUNA#,#LACUNA#,#LACUNA#,#LACUNA#,#LACUNA#,#LACUNA#,#LACUNA#,πόλει,πόλει,#LACUNA#,#LACUNA#,πόλει,#LACUNA#,#LACUNA#
"βλασφημοῦντας,","βλασφημοῦντας,","βλασφημοῦντας,",#LACUNA#,#LACUNA#,#LACUNA#,#LACUNA#,#LACUNA#,#LACUNA#,#LACUNA#,"βλασφημοῦντας,","βλασφημοῦντας,",#LACUNA#,#LACUNA#,"βλασφημοῦντας,",#LACUNA#,#LACUNA#
σωφρόνιζε.,σωφρόνιζε.,σωφρόνιζε.,#LACUNA#,#LACUNA#,#LACUNA#,#LACUNA#,#LACUNA#,#LACUNA#,#LACUNA#,σωφρόνιζε.,σωφρόνιζε.,#LACUNA#,#LACUNA#,σωφρόνιζε.,#LACUNA#,#LACUNA#
Κἂν,Κἂν,Κἂν,#LACUNA#,#LACUNA#,#LACUNA#,#LACUNA#,#LACUNA#,#LACUNA#,#LACUNA#,Κἂν,Κἂν,#LACUNA#,#LACUNA#,Κἂν,#LACUNA#,#LACUNA#
ἀκούσῃς,ἀκούσῃς,ἀκούσῃς,#LACUNA#,#LACUNA#,#LACUNA#,#LACUNA#,#LACUNA#,#LACUNA#,#LACUNA#,ἀκούσῃς,ἀκούσῃς,#LACUNA#,#LACUNA#,ἀκούσῃς,#LACUNA#,#LACUNA#
τινὸς,τινὸς,τινὸς,#LACUNA#,#LACUNA#,#LACUNA#,#LACUNA#,#LACUNA#,#LACUNA#,#LACUNA#,τινὸς,τινὸς,#LACUNA#,#LACUNA#,τινὸς,#LACUNA#,#LACUNA#
ἐν,ἐν,ἐν,#LACUNA#,#LACUNA#,#LACUNA#,#LACUNA#,#LACUNA#,#LACUNA#,#LACUNA#,ἐν,ἐν,#LACUNA#,#LACUNA#,ἐν,#LACUNA#,#LACUNA#
ἀμφόδῳ,ἀμφόδῳ,ἀμφόδῳ,#LACUNA#,#LACUNA#,#LACUNA#,#LACUNA#,#LACUNA#,#LACUNA#,#LACUNA#,ἀμφόδῳ,ἀμφόδῳ,#LACUNA#,#LACUNA#,ἀμφόδῳ,#LACUNA#,#LACUNA#
,ἢ,,#LACUNA#,#LACUNA#,#LACUNA#,#LACUNA#,#LACUNA#,#LACUNA#,#LACUNA#,ἢ,ἢ,#LACUNA#,#LACUNA#,ἢ,#LACUNA#,#LACUNA#
,ἐν,,#LACUNA#,#LACUNA#,#LACUNA#,#LACUNA#,#LACUNA#,#LACUNA#,#LACUNA#,ἐν,ἐν,#LACUNA#,#LACUNA#,ἐν,#LACUNA#,#LACUNA#
,ὁδῶ,,#LACUNA#,#LACUNA#,#LACUNA#,#LACUNA#,#LACUNA#,#LACUNA#,#LACUNA#,ὁδῶ,ὁδῶ,#LACUNA#,#LACUNA#,ὁδῶ,#LACUNA#,#LACUNA#
ἢ,ἢ,ἢ,#LACUNA#,#LACUNA#,#LACUNA#,#LACUNA#,#LACUNA#,#LACUNA#,#LACUNA#,ἢ,ἢ,#LACUNA#,#LACUNA#,ἢ,#LACUNA#,#LACUNA#
ἐν,ἐν,ἐν,#LACUNA#,#LACUNA#,#LACUNA#,#LACUNA#,#LACUNA#,#LACUNA#,#LACUNA#,ἐν,ἐν,#LACUNA#,#LACUNA#,ἐν,#LACUNA#,#LACUNA#
ἀγορᾷ,ἀγορᾷ,ἀγορᾷ,#LACUNA#,#LACUNA#,#LACUNA#,#LACUNA#,#LACUNA#,#LACUNA#,#LACUNA#,ἀγορᾷ,ἀγορᾷ,#LACUNA#,#LACUNA#,ἀγορᾷ,#LACUNA#,#LACUNA#
βλασφημοῦντος,βλασφημοῦντος,βλασφημοῦντος,#LACUNA#,#LACUNA#,#LACUNA#,#LACUNA#,#LACUNA#,#LACUNA#,#LACUNA#,βλασφημοῦντος,βλασφημοῦντος,#LACUNA#,#LACUNA#,βλασφημοῦντος,#LACUNA#,#LACUNA#
τὸν,τὸν,τὸν,#LACUNA#,#LACUNA#,#LACUNA#,#LACUNA#,#LACUNA#,#LACUNA#,#LACUNA#,τὸν,τὸν,#LACUNA#,#LACUNA#,τὸν,#LACUNA#,#LACUNA#
"Θεόν,","Θεόν,","Θεόν,",#LACUNA#,#LACUNA#,#LACUNA#,#LACUNA#,#LACUNA#,#LACUNA#,#LACUNA#,"Θεόν,","Θεόν,",#LACUNA#,#LACUNA#,"Θεόν,",#LACUNA#,#LACUNA#
"πρόσελθε,","πρόσελθε,","πρόσελθε,",#LACUNA#,#LACUNA#,#LACUNA#,#LACUNA#,#LACUNA#,#LACUNA#,#LACUNA#,"πρόσελθε,","πρόσελθε,",#LACUNA#,#LACUNA#,"πρόσελθε,",#LACUNA#,#LACUNA#
"ἐπιτίμησον,","ἐπιτίμησον,","ἐπιτίμησον,",#LACUNA#,#LACUNA#,#LACUNA#,#LACUNA#,#LACUNA#,#LACUNA#,#LACUNA#,"ἐπιτίμησον,","ἐπιτίμησον,",#LACUNA#,#LACUNA#,"ἐπιτίμησον,",#LACUNA#,#LACUNA#
κἂν,κἂν,κἂν,#LACUNA#,#LACUNA#,#LACUNA#,#LACUNA#,#LACUNA#,#LACUNA#,#LACUNA#,κἂν,κἂν,#LACUNA#,#LACUNA#,κἂν,#LACUNA#,#LACUNA#
πληγὰς,πληγὰς,πληγὰς,#LACUNA#,#LACUNA#,#LACUNA#,#LACUNA#,#LACUNA#,#LACUNA#,#LACUNA#,πληγὰς,πληγὰς,#LACUNA#,#LACUNA#,πληγὰς,#LACUNA#,#LACUNA#
ἐπιθεῖναι,ἐπιθεῖναι,ἐπιθεῖναι,#LACUNA#,#LACUNA#,#LACUNA#,#LACUNA#,#LACUNA#,#LACUNA#,#LACUNA#,ἐπιθεῖναι,ἐπιθεῖναι,#LACUNA#,#LACUNA#,ἐπιθεῖναι,#LACUNA#,#LACUNA#
"δέῃ,","δέῃ,","δέῃ,",#LACUNA#,#LACUNA#,#LACUNA#,#LACUNA#,#LACUNA#,#LACUNA#,#LACUNA#,"δέῃ,","δέῃ,",#LACUNA#,#LACUNA#,"δέῃ,",#LACUNA#,#LACUNA#
μὴ,μὴ,μὴ,#LACUNA#,#LACUNA#,#LACUNA#,#LACUNA#,#LACUNA#,#LACUNA#,#LACUNA#,μὴ,μὴ,#LACUNA#,#LACUNA#,μὴ,#LACUNA#,#LACUNA#
παραιτήσῃ,παραιτήσῃ,παραιτήσῃ,#LACUNA#,#LACUNA#,#LACUNA#,#LACUNA#,#LACUNA#,#LACUNA#,#LACUNA#,παραιτήσῃ,παραιτήσῃ,#LACUNA#,#LACUNA#,παρεστήση,#LACUNA#,#LACUNA#
ῥάπισον,ῥάπισον,ῥάπισον,#LACUNA#,#LACUNA#,#LACUNA#,#LACUNA#,#LACUNA#,#LACUNA#,#LACUNA#,ῥάπισον,ῥάπισον,#LACUNA#,#LACUNA#,ῥάπισον,#LACUNA#,#LACUNA#
αὐτοῦ,αὐτοῦ,αὐτοῦ,#LACUNA#,#LACUNA#,#LACUNA#,#LACUNA#,#LACUNA#,#LACUNA#,#LACUNA#,αὐτοῦ,αὐτοῦ,#LACUNA#,#LACUNA#,αὐτοῦ,#LACUNA#,#LACUNA#
τὴν,τὴν,τὴν,#LACUNA#,#LACUNA#,#LACUNA#,#LACUNA#,#LACUNA#,#LACUNA#,#LACUNA#,τὴν,τὴν,#LACUNA#,#LACUNA#,τὴν,#LACUNA#,#LACUNA#
"ὄψιν,","ὄψιν,","ὄψιν,",#LACUNA#,#LACUNA#,#LACUNA#,#LACUNA#,#LACUNA#,#LACUNA#,#LACUNA#,"ὄψιν,","ὄψιν,",#LACUNA#,#LACUNA#,"ὄψιν,",#LACUNA#,#LACUNA#
σύντριψον,σύντριψον,σύντριψον,#LACUNA#,#LACUNA#,#LACUNA#,#LACUNA#,#LACUNA#,#LACUNA#,#LACUNA#,σύντριψον,σύντριψον,#LACUNA#,#LACUNA#,σύντριψον,#LACUNA#,#LACUNA#
αὐτοῦ,αὐτοῦ,αὐτοῦ,#LACUNA#,#LACUNA#,#LACUNA#,#LACUNA#,#LACUNA#,#LACUNA#,#LACUNA#,αὐτοῦ,αὐτοῦ,#LACUNA#,#LACUNA#,αὐτοῦ,#LACUNA#,#LACUNA#
τὸ,τὸ,τὸ,#LACUNA#,#LACUNA#,#LACUNA#,#LACUNA#,#LACUNA#,#LACUNA#,#LACUNA#,τὸ,τὸ,#LACUNA#,#LACUNA#,τὸ,#LACUNA#,#LACUNA#
"στόμα,","στόμα,","στόμα,",#LACUNA#,#LACUNA#,#LACUNA#,#LACUNA#,#LACUNA#,#LACUNA#,#LACUNA#,"στόμα,","στόμα,",#LACUNA#,#LACUNA#,"στόμα,",#LACUNA#,#LACUNA#
ἁγίασόν,ἁγίασόν,ἁγίασόν,#LACUNA#,#LACUNA#,#LACUNA#,#LACUNA#,#LACUNA#,#LACUNA#,#LACUNA#,ἁγίασόν,ἁγίασόν,#LACUNA#,#LACUNA#,ἁγίασόν,#LACUNA#,#LACUNA#
σου,σου,σου,#LACUNA#,#LACUNA#,#LACUNA#,#LACUNA#,#LACUNA#,#LACUNA#,#LACUNA#,σου,σου,#LACUNA#,#LACUNA#,σου,#LACUNA#,#LACUNA#
τὴν,τὴν,τὴν,#LACUNA#,#LACUNA#,#LACUNA#,#LACUNA#,#LACUNA#,#LACUNA#,#LACUNA#,τὴν,τὴν,#LACUNA#,#LACUNA#,τὴν,#LACUNA#,#LACUNA#
χεῖρα,χεῖρα,χεῖρα,#LACUNA#,#LACUNA#,#LACUNA#,#LACUNA#,#LACUNA#,#LACUNA#,#LACUNA#,χεῖρα,χεῖρα,#LACUNA#,#LACUNA#,χεῖρα,#LACUNA#,#LACUNA#
διὰ,διὰ,διὰ,#LACUNA#,#LACUNA#,#LACUNA#,#LACUNA#,#LACUNA#,#LACUNA#,#LACUNA#,διὰ,διὰ,#LACUNA#,#LACUNA#,διὰ,#LACUNA#,#LACUNA#
τῆς,τῆς,τῆς,#LACUNA#,#LACUNA#,#LACUNA#,#LACUNA#,#LACUNA#,#LACUNA#,#LACUNA#,τῆς,τῆς,#LACUNA#,#LACUNA#,τῆς,#LACUNA#,#LACUNA#
"πληγῆς,","πληγῆς,","πληγῆς,",#LACUNA#,#LACUNA#,#LACUNA#,#LACUNA#,#LACUNA#,#LACUNA#,#LACUNA#,"πληγῆς,","πληγῆς,",#LACUNA#,#LACUNA#,"πληγῆς,",#LACUNA#,#LACUNA#
κἂν,κἂν,κἂν,#LACUNA#,#LACUNA#,#LACUNA#,#LACUNA#,#LACUNA#,#LACUNA#,#LACUNA#,κἂν,κἂν,#LACUNA#,#LACUNA#,κἂν,#LACUNA#,#LACUNA#
ἐγκαλῶσι,ἐγκαλῶσι,ἐγκαλῶσι,#LACUNA#,#LACUNA#,#LACUNA#,#LACUNA#,#LACUNA#,#LACUNA#,#LACUNA#,ἐγκαλῶσι,ἐγκαλῶσι,#LACUNA#,#LACUNA#,ἐγκαλῶσι,#LACUNA#,#LACUNA#
"τινές,","τινές,","τινές,",#LACUNA#,#LACUNA#,#LACUNA#,#LACUNA#,#LACUNA#,#LACUNA#,#LACUNA#,"τινές,","τινές,",#LACUNA#,#LACUNA#,"τινές,",#LACUNA#,#LACUNA#
κὰν,κὰν,κὰν,#LACUNA#,#LACUNA#,#LACUNA#,#LACUNA#,#LACUNA#,#LACUNA#,#LACUNA#,κὰν,κὰν,#LACUNA#,#LACUNA#,κὰν,#LACUNA#,#LACUNA#
εἰς,εἰς,εἰς,#LACUNA#,#LACUNA#,#LACUNA#,#LACUNA#,#LACUNA#,#LACUNA#,#LACUNA#,εἰς,εἰς,#LACUNA#,#LACUNA#,εἰς,#LACUNA#,#LACUNA#
δικαστήριον,δικαστήριον,δικαστήριον,#LACUNA#,#LACUNA#,#LACUNA#,#LACUNA#,#LACUNA#,#LACUNA#,#LACUNA#,δικαστήριον,δικαστήριον,#LACUNA#,#LACUNA#,δικαστήριον,#LACUNA#,#LACUNA#
"ἕλκωσιν,","ἕλκωσιν,","ἕλκωσιν,",#LACUNA#,#LACUNA#,#LACUNA#,#LACUNA#,#LACUNA#,#LACUNA#,#LACUNA#,"ἕλκωσιν,","ἕλκωσιν,",#LACUNA#,#LACUNA#,"ἕλκωσιν,",#LACUNA#,#LACUNA#
ἀκολούθησον.,ἀκολούθησον.,ἀκολούθησον.,#LACUNA#,#LACUNA#,#LACUNA#,#LACUNA#,#LACUNA#,#LACUNA#,#LACUNA#,ἀκολούθησον.,ἀκολούθησον.,#LACUNA#,#LACUNA#,ἀκολούθησον.,#LACUNA#,#LACUNA#